职位名称,技能要求,工作职责,公司名称,工作地点,薪资待遇,工作年限要求,学历要求
高级Python开发工程师,"Python,Django,Flask,MySQL,Redis","负责后端系统开发,API设计,数据库优化,代码审查",阿里巴巴,杭州,28-45K,3-5年,本科及以上
前端架构师,"JavaScript,React,Vue.js,TypeScript,Node.js","前端架构设计,技术选型,团队管理,性能优化",腾讯,深圳,35-55K,5-8年,本科及以上
技术经理,"Python,Java,团队管理,系统架构,项目管理","技术团队管理,架构设计,技术决策,项目规划",字节跳动,北京,40-70K,5-8年,本科及以上
全栈工程师,"Python,JavaScript,React,Django,MySQL","全栈开发,前后端协调,产品功能实现,用户体验优化",美团,北京,25-40K,3-6年,本科及以上
后端开发专家,"Python,Go,微服务,Kubernetes,Docker","微服务架构设计,容器化部署,系统性能优化,技术调研",京东,北京,30-50K,4-7年,本科及以上
数据工程师,"Python,SQL,Spark,Hadoop,ETL","数据处理,ETL开发,数据仓库建设,数据质量保证",滴滴出行,北京,28-45K,3-5年,本科及以上
DevOps工程师,"Docker,Kubernetes,Jenkins,AWS,Linux","CI/CD流程建设,容器化部署,监控系统搭建,自动化运维",小米,北京,25-40K,3-5年,本科及以上
软件架构师,"Java,Python,分布式系统,微服务,系统设计","系统架构设计,技术选型,架构治理,技术难题攻关",网易,杭州,45-80K,7-10年,本科及以上
高级前端工程师,"JavaScript,React,Vue.js,Webpack,CSS3","前端组件开发,用户界面实现,前端性能优化,代码重构",百度,北京,22-35K,3-5年,本科及以上
产品技术经理,"Python,项目管理,产品设计,用户研究,数据分析","产品技术规划,需求分析,技术与产品协调,用户体验设计",拼多多,上海,35-60K,5-8年,本科及以上
云计算工程师,"AWS,Docker,Kubernetes,Python,Linux","云平台架构,容器编排,自动化部署,云服务优化",华为,深圳,30-50K,4-6年,本科及以上
移动端架构师,"React Native,Flutter,iOS,Android,JavaScript","移动端架构设计,跨平台开发,性能优化,技术选型",OPPO,深圳,40-65K,6-8年,本科及以上
大数据开发工程师,"Python,Spark,Hive,Kafka,Hadoop","大数据处理,实时计算,数据建模,数据平台建设",蚂蚁金服,杭州,32-55K,4-7年,本科及以上
AI算法工程师,"Python,机器学习,深度学习,TensorFlow,PyTorch","算法研发,模型训练,算法优化,AI产品落地",商汤科技,北京,35-60K,3-6年,硕士及以上
安全工程师,"Python,网络安全,渗透测试,安全架构,Linux","安全体系建设,漏洞挖掘,安全防护,安全培训",奇虎360,北京,28-45K,3-5年,本科及以上